3/11/2019,1:34,vulputate justo in blandit ultrices enim lorem
5/26/2018,22:58,aliquet maecenas leo odio condimentum id
10/21/2018,22:43,molestie sed justo pellentesque viverra
5/15/2018,11:01,felis sed interdum venenatis turpis enim
6/4/2018,8:50,leo maecenas pulvinar lobortis est phasellus sit
6/9/2018,14:55,eleifend donec ut dolor morbi
10/16/2018,1:45,in faucibus orci luctus et ultrices posuere
3/30/2018,11:37,justo pellentesque viverra pede ac diam cras
8/23/2018,23:23,ipsum primis in faucibus
8/6/2018,3:44,nunc viverra dapibus nulla suscipit
