2011/01/11,19:15,Hackers Meeting,0
2012/01/15,11:56,Testers Assembly,1
2019/05/08,5:04,Low Voltage,1
2018/10/09,6:48,NSE,1
2018/08/09,11:48,Outside Sales,1
2019/02/04,19:54,Overseas Production,1
2018/12/22,20:57,Organic Chemistry,1
2018/10/08,20:09,EEO/AA Compliance,1
2018/09/25,1:09,QlikView,1
2019/03/12,23:02,Knowledge Discovery,1
2019/05/24,14:15,System Architecture,1
2019/03/21,12:25,Valuation,1
2019/01/04,20:56,Social Networking,1
2018/12/02,4:34,Kitchen Remodeling,1
2019/06/05,1:47,Tcpdump,1
2019/04/16,7:42,LPC,1
2018/08/25,22:52,EWS,1
2018/12/03,1:30,Program Development,1
2019/07/25,17:23,MVVM,1
2019/02/02,17:59,Radio Host,1
2019/06/12,14:49,Nuclear,1
2019/07/02,21:17,High Sense Of Urgency,1
2018/10/06,21:42,Warranty,1
2019/08/03,17:12,ZenCart,1
2019/04/22,13:23,TS,1
2019/02/26,23:23,NRP Instruction,1
2019/01/14,1:03,CQS,1
2019/01/13,3:57,Petroleum Geology,1
2018/12/13,18:19,Inventory Control,1
2018/11/14,5:46,HIPAA,1
2018/11/04,10:26,Gastroenterology,1
2019/02/23,22:57,Wholesale Operations,1
2018/08/17,17:24,Higher Education Administration,1
2018/10/11,14:20,WSIB,1
2019/03/04,20:06,Omnet++,1
2019/01/19,14:23,DSP BIOS,1
2018/10/12,10:04,RSVP-TE,1
2018/08/17,18:40,SD,1
2019/01/02,14:53,Non-fiction,1
2019/06/12,12:08,Board Development,1
2019/06/25,16:23,Luminex,1
2018/09/19,17:29,Turn Around Management,1
2018/12/07,23:08,Gnome,1
2018/09/20,9:09,Mac OS,1
2019/01/18,16:45,Workplace Violence,1
2018/10/10,8:49,PTCRB,1
2018/11/02,20:08,GPCRs,1
2019/06/11,0:00,Politics,1
2019/06/10,14:01,WordPerfect,1
2018/10/16,6:57,Nursing Management,1
2018/09/13,13:17,Wufoo,1
2019/04/01,21:41,ICP-MS,1
2019/03/10,17:01,Aerial Lifts,1
2019/01/28,9:27,Wills,1
2018/08/15,2:46,Ethernet over SDH,1
2018/11/08,11:12,TMON,1
2019/03/25,4:39,Dublin Core,1
2018/09/16,19:07,JSR 168,1
2018/11/14,12:30,CSV,1
2018/10/08,17:03,JBPM,1
2019/03/10,16:43,Microbiology,1
2019/01/17,21:52,MRI,1
2018/12/04,5:17,CNC Machine,1
2019/03/27,1:16,OWASP,1
2018/08/16,5:18,CCNP Security,1
2018/12/11,15:08,Mineral Exploration,1
2018/09/22,23:22,LN,1
2019/03/19,15:18,Agile Testing,1
2018/11/17,9:37,MRSA,1
2019/04/11,1:30,CQT,1
2019/02/02,18:34,Cross-border Transactions,1
2019/02/08,12:32,Drafting Agreements,1
2018/08/19,4:28,Event Photography,1
2018/09/10,11:02,Dance,1
2019/06/27,9:33,Higher Education Administration,1
2019/04/03,6:20,PDMS Design,1
2018/12/21,7:40,KMDF,1
2018/10/11,2:21,Website Updating,1
2019/02/15,14:31,Electric Guitar,1
2019/03/09,5:18,European Studies,1
2018/09/25,5:15,PyMEL,1
2019/06/07,23:38,JPOS,1
2018/10/15,15:21,Guest Service Management,1
2018/10/06,13:13,Swaps,1
2018/12/21,7:36,Affiliate Management,1
2018/11/16,19:21,Omnet++,1
2018/11/22,12:57,HNI,1
2019/01/07,0:23,Gyrokinesis,1
2018/08/22,15:25,ASP.NET AJAX,1
2019/06/10,11:41,Open XML,1
2019/06/28,20:38,Easements,1
2018/12/11,10:20,Business Process Improvement,1
2019/04/25,23:16,NDF,1
2019/06/24,5:55,Aspen HYSYS,1
2018/11/19,17:49,qPCR,1
2019/01/17,22:41,Observational Astronomy,1
2019/06/29,19:03,GSM,1
2019/06/23,8:39,Wholesale Banking,1
2019/04/20,7:03,Alzheimer&#39;s Disease,1
2019/04/10,1:57,MPages,1
2019/02/04,1:51,Secure FTP,1
2019/01/10,16:39,Public Health,1
2019/01/21,13:21,Mutual Funds,1
2019/01/10,22:57,International Economics,1
2019/06/16,9:59,CBORD,1
2019/05/14,17:49,Psychosocial,1
2019/02/04,18:23,BPCS,1
2019/04/02,15:51,Agility,1
2019/04/07,2:29,JDE One World,1
2018/10/28,12:20,Rule Of Law,1
2019/03/26,20:42,Microsoft Word,1
2019/05/04,11:24,Onshore,1
2019/01/13,3:43,Sleepwear,1
2018/12/12,0:17,DFR,1
2019/06/22,4:32,BMP,1
2019/05/13,17:57,CTL,1
2019/03/03,5:30,OS/400,1
2019/05/17,9:44,GCS,1
2018/11/26,11:48,AXE,1
2019/04/28,7:00,ICP,1
2019/06/01,12:44,European Union Politics,1
2018/12/15,7:55,JMF,1
2019/03/14,7:22,On Location,1
2018/12/18,14:26,Fortran,1
2019/03/17,12:49,SnapMirror,1
2019/02/06,19:01,Working Capital Management,1
2019/01/01,23:28,Xerces,1
2018/11/25,4:47,Hospitality Industry,1
2018/10/25,4:03,Statistics,1
2019/03/26,20:44,Distance Learning,1
2018/11/22,17:55,EU Law,1
2019/06/06,7:15,Revenue Cycle Management,1
2018/10/14,0:43,Business Process Improvement,1
2019/06/12,8:59,Runway,1
2019/07/09,18:27,FDDI,1
2019/04/03,18:16,IVT,1
2018/12/15,10:44,Skin,1
2018/09/29,15:51,Electronic Trading,1
2019/04/05,22:12,Zumba Instruction,1
2019/07/03,1:46,Qbasic,1
2018/11/30,1:54,MW,1
2018/08/22,23:07,Data Guard,1
2019/03/15,4:46,NCIDQ,1
2019/07/05,16:35,Web 2.0,1
2018/09/30,4:52,Boilers,1
2019/01/27,3:29,FHLMC,1
2018/12/20,14:49,Literacy,1
2019/06/19,11:50,Water Resources,1
2018/11/26,21:04,Peer Tutoring,1
2019/06/11,6:11,Listings,1
2018/12/19,4:23,Youth Empowerment,1
2018/08/12,4:59,Enterprise Architecture,1
2018/11/14,21:27,Oozie,1
2019/03/30,14:46,Non-profit Board Development,1
2018/11/15,9:40,Organizational Design,1
2019/05/14,3:03,Lyrical,1
2019/03/15,1:29,NDDS,1
2019/06/30,14:58,Spanish,1
2019/06/03,6:13,GCF,1
2018/08/23,3:28,Oil &amp; Gas Law,1
2019/01/22,23:31,AQTF compliance,1
2019/05/23,0:41,RELAX NG,1
2018/12/02,7:30,FDQM,1
2018/09/30,6:00,Google Apps,1
2019/02/10,1:31,XMLHTTP,1
2018/12/21,6:21,RSA SecurID,1
2018/11/01,11:37,Black Belt,1
2019/02/28,21:03,Google Docs,1
2018/12/25,20:05,ZoomInfo,1
2019/01/14,16:05,Owner Representation,1
2018/12/24,3:48,Computer Graphics,1
2019/03/14,10:54,Sales Management,1
2018/08/15,12:15,Procurement Outsourcing,1
2019/01/21,11:55,Guitar Playing,1
2019/08/01,16:09,FSC Certification,1
2019/01/02,3:58,PWS,1
2019/03/16,14:47,NYSE,1
2019/04/14,14:24,Rapid Prototyping,1
2018/08/15,4:00,OTN,1
2019/06/07,13:58,LPCVD,1
2019/07/16,2:01,Rhapsody,1
2019/05/08,21:34,FQHC,1
2019/01/31,4:46,QC Tools,1
2019/06/21,23:39,Graduate Recruitment,1
2018/12/20,12:35,IFTA,1
2019/04/29,19:06,NLP,1
2019/04/17,0:54,Westlaw,1
2019/05/29,0:04,Hazard Recognition,1
2019/08/02,4:40,First Aid,1
2018/11/16,9:16,International Economics,1
2019/07/14,22:25,Psychometrics,1
2019/03/19,21:54,Multi-channel Retail,1
2018/09/07,19:41,NGS,1
2018/08/22,17:25,NFPA 101,1
2018/09/12,21:57,Mobile Applications,1
2019/03/09,18:16,RTB,1
2018/10/10,12:07,360 Feedback,1
2019/07/10,1:57,WFA,1
2018/09/12,9:22,360 Feedback,1
2019/06/15,10:22,PDMLink,1
2019/01/26,21:38,Software Documentation,1
2019/01/27,4:29,Investment Properties,1
2019/07/03,10:03,DLS,1
2018/10/04,20:39,Mixed-use,1
2019/04/14,0:45,EBR,1
2018/12/21,17:08,BLS,1
2019/01/09,14:42,GST,1
2018/11/20,15:18,WTL,1
2019/04/16,17:54,Freight,1
2019/06/19,1:57,Reaction Kinetics,1
2019/01/29,21:14,GCS,1
2019/05/15,8:05,Business Analysis,1
2019/01/25,10:34,Order Fulfillment,1
2019/06/15,2:50,Community Outreach,1
2018/10/19,11:14,Hatha Yoga,1
2018/09/11,2:22,Swedish,1
2018/10/16,15:17,Temporary Placement,1
2019/06/08,12:11,TSCM,1
2019/02/07,10:29,Strategic Human Resources Leadership,1
2019/03/22,17:35,GMC,1
2019/08/01,17:47,vBlock,1
2018/11/04,17:36,Call center start-up,1
2018/10/13,4:33,Science,1
2019/06/02,0:59,SX.enterprise,1
2018/08/24,13:33,LPN,1
2019/05/02,1:12,PPPoA,1
2018/10/22,18:31,Family Law,1
2018/10/14,17:00,International Shipping,1
2019/05/20,13:15,USB,1
2019/04/01,16:36,PTW,1
2019/05/10,23:29,GCIH,1
2019/04/29,10:19,Automotive,1
2018/11/28,13:57,Kondor+,1
2019/03/11,1:46,BPD,1
2018/08/12,4:01,Videography,1
2019/06/14,2:28,TPNS,1
2019/06/11,6:12,Journal Entries,1
2019/02/22,20:41,RP,1
2018/10/07,11:46,Telephone Skills,1
2019/04/16,19:39,FX Spot,1
2018/10/30,6:21,MS-DOS,1
2019/05/20,5:36,IaaS,1
2018/10/15,1:36,RUP,1
2019/05/21,6:54,Commercial Litigation,1
2018/10/31,14:34,EMR,1
2019/01/29,17:04,PPP,1
2018/12/05,3:54,UG,1
2019/06/04,22:54,IAM,1
2019/08/04,13:47,Cisco Call Manager,1
2019/06/19,11:54,USB,1
2018/11/16,22:06,Eiffel,1
2019/01/23,6:29,Systems Design,1
2019/02/25,6:12,Customer Acquisition,1
2018/08/05,21:11,TPL,1
2019/07/08,10:20,Window Displays,1
2018/11/22,10:44,OCR,1
2018/12/01,6:58,WFA,1
2018/11/09,16:27,iGaming,1
2019/03/19,18:05,Grief Counseling,1
2018/10/27,11:31,Avaya Communication Manager,1
2018/10/30,21:02,WDF,1
2019/04/12,4:14,WTX,1
2019/01/14,14:30,UHV,1
2018/08/10,0:45,ODIN,1
2019/01/21,16:45,XMPie,1
2019/02/09,9:51,BPT,1
2018/11/13,12:31,Security Awareness,1
2018/09/23,12:30,OOAD,1
2019/01/29,23:34,Home Health Agencies,1
2019/05/20,11:21,Social Media Marketing,1
2018/10/05,10:42,High Availability,1
2018/12/22,21:31,ICDL,1
2019/05/31,22:34,VMware View,1
2019/03/29,17:43,CDM Coordinator,1
2019/02/27,4:44,Aquatic Therapy,1
2018/09/13,17:37,eBay API,1
2018/09/07,20:28,Ticket Sales,1
2018/12/23,22:15,Production Planning,1
2018/12/13,2:25,Interior Architecture,1
2018/10/08,9:54,Web Analytics,1
2019/04/08,12:27,NCFM Certified,1
2018/11/14,12:03,Stand-up Comedy,1
2018/08/31,19:33,User Research,1
2019/01/03,19:51,Swing,1
2019/03/04,18:19,Old English,1
2019/07/22,9:57,SDI,1
2018/11/16,7:51,Pharmaceutical Sales,1
2019/01/11,13:07,PFEP,1
2018/10/13,19:06,CADS RC,1
2019/05/03,23:44,Food,1
2018/09/01,19:00,Global Marketing,1
2018/11/03,13:50,Air Freight,1
2018/12/07,6:44,Zyxel,1
2019/06/04,5:00,Lyricist,1
2018/11/09,12:25,Foreign Policy,1
2018/10/04,1:36,Drama,1
2019/02/14,6:24,Toyota Production System,1
2019/03/01,23:17,HUET,1
2019/02/23,21:07,Rheumatology,1
2018/10/11,19:59,Nonprofits,1
2019/06/19,16:43,HBOC,1
2019/06/02,21:15,FTO analysis,1
2018/12/14,3:53,User Experience Design,1
2018/11/12,4:11,Substance Use Disorders,1
2019/07/07,19:32,Driving License,1
2019/07/31,16:41,EEPROM,1
2019/03/22,11:26,Group Dynamics,1
2019/05/29,18:35,osCommerce,1
2019/05/07,16:59,Oasys,1
2018/08/10,18:45,VMI Programs,1
2019/02/16,14:46,Aerospace Structures,1
2019/04/01,3:46,HMI Programming,1
2018/10/30,8:21,Pension Funds,1
2019/04/28,0:53,DB2,1
2019/07/14,15:31,SFI,1
2018/11/02,21:49,XenClient,1
2018/08/27,0:22,Enterprise Risk Management,1
2019/03/02,15:43,Commercial Awareness,1
2018/11/16,3:51,Bash,1
2019/06/22,0:57,Woodworking,1
2019/04/25,19:40,Customer Relations,1
2019/03/06,10:59,Healthy Eating,1
2019/06/23,10:19,Radio Promotions,1
2019/03/29,2:32,Emergency Medicine,1
2018/08/18,9:19,Drilling Engineering,1
2019/01/14,6:02,European Computer Driving Licence,1
2018/12/08,7:50,SSEP,1
2018/08/22,6:47,Weapons,1
2019/03/07,16:53,WLL,1
2019/01/14,13:22,TTL,1
2018/11/09,21:26,Science Journalism,1
2019/01/12,12:13,Human Rights,1
2018/09/17,9:39,VPM,1
2018/09/17,7:13,Software Testing Life Cycle,1
2019/01/20,19:40,NICU,1
2018/09/20,18:26,Zsh,1
2018/11/20,21:38,ETL,1
2018/12/04,3:17,KMS,1
2019/01/22,0:26,Big Box,1
2019/02/07,8:51,YouTube,1
2018/10/28,14:08,FME,1
2019/06/16,14:46,MPIO,1
2018/12/10,4:28,Dunn &amp; Bradstreet,1
2019/02/14,20:05,NWDI,1
2018/12/08,9:07,GNSS,1
2018/10/06,0:24,Medical Nutrition Therapy,1
2018/09/05,5:59,Technical Writing,1
2019/06/10,11:27,Nios II,1
2019/07/27,9:19,DDI,1
2018/12/17,2:31,YUI,1
2019/05/08,5:48,Welding,1
2018/09/14,1:41,MTOs,1
2018/10/30,23:20,Start-ups Management,1
2018/08/17,16:34,HSSE,1
2019/02/27,7:45,Risk Management,1
2019/04/12,13:10,Ultiboard,1
2018/11/22,6:24,NoSQL,1
2018/10/11,1:12,PCS7,1
2019/02/26,7:57,WC,1
2019/04/12,6:44,Snooker,1
2019/03/08,17:01,Start-up Ventures,1
2019/02/07,22:29,Octave,1
2019/04/13,10:44,PWB,1
2019/01/29,15:48,Mentoring,1
2018/11/07,21:38,Windows Azure,1
2019/01/13,17:40,Amadeus GDS,1
2018/09/07,0:05,PeopleSoft,1
2018/08/09,17:40,DTC,1
2019/07/13,0:44,Linux Kernel,1
2019/02/18,8:22,BOSIET,1
2018/11/01,9:03,Jigs,1
2019/06/04,16:38,Ayurveda,1
2019/06/22,17:17,ISO 9000,1
2019/05/26,5:50,RCSA,1
2019/06/18,21:37,Working Capital Management,1
2018/10/10,17:16,EP,1
2018/12/21,18:23,Rheumatoid Arthritis,1
2019/05/14,0:38,Cisco Routers,1
2019/07/16,20:20,FM/2,1
2018/10/10,16:56,CPA,1
2019/01/31,16:22,Silhouette FX,1
2019/07/13,0:02,OLAP Cube Studio,1
2019/03/11,15:40,SAP Implementation,1
2019/02/03,21:42,Eye Surgery,1
2018/10/20,8:39,Fertility,1
2019/01/26,19:41,Ecotect,1
2019/07/28,3:44,EBITDA,1
2019/03/02,12:45,Outlook,1
2019/05/16,6:52,IBM Utilities,1
2019/05/05,8:08,Pneumatic Conveying,1
2019/01/18,1:10,Sanction II,1
2019/07/09,12:58,Fleet Management,1
2018/12/28,4:08,Cfengine,1
2018/08/11,19:25,PVM,1
2018/12/30,4:17,JTIDS,1
2018/11/27,3:58,Oracle VM,1
2018/10/28,13:32,Hearings,1
2019/07/26,16:07,Home Health Agencies,1
2018/08/08,21:10,Successful Business Owner,1
2018/08/31,1:55,EWB,1
2018/09/19,10:20,Particle Effects,1
2018/10/20,13:52,xPON,1
2018/11/03,0:33,OA Framework,1
2018/12/19,8:22,Lumion,1
2018/11/05,20:27,Essbase,1
2019/05/12,3:15,Twist,1
2018/11/05,15:22,Lubricants,1
2018/12/14,9:52,BSSAP,1
2019/07/14,13:53,Nokia Qt,1
2019/04/18,7:26,Blood Pressure,1
2018/11/23,18:55,CPAP,1
2019/04/03,21:04,ODI,1
2019/02/28,20:48,JWICS,1
2019/06/20,6:18,Kontakt,1
2018/09/10,13:55,IEX,1
2019/01/18,18:09,E-Learning,1
2018/09/08,18:00,Nintex,1
2018/10/04,17:07,Cost Benefit,1
2018/11/22,18:14,qPCR,1
2019/02/14,11:56,Web Development,1
2018/09/18,2:47,VRRP,1
2019/07/04,9:30,VMware,1
2018/12/10,12:41,EEPROM,1
2019/03/24,2:57,Software Engineering,1
2019/04/17,22:12,SMT Kingdom,1
2019/01/01,9:00,Xserve,1
2018/12/25,17:39,CME,1
2018/12/18,3:25,American Politics,1
2018/09/09,23:30,Ubiquitous Computing,1
2018/11/10,8:10,EASA,1
2019/07/16,19:46,Partner Management,1
2019/04/11,15:01,DNA Extraction,1
2019/01/06,11:01,ION Marketview,1
2019/03/10,14:09,IVUS,1
2018/08/07,22:32,XStream,1
2018/11/26,13:12,Mortgage Lending,1
2019/06/12,21:42,Singing,1
2019/03/02,9:02,TWiki,1
2018/12/07,15:24,IP,1
2018/10/01,11:35,ABS,1
2019/04/21,3:35,VTK,1
2019/06/09,11:30,CNAS,1
2019/01/21,9:42,EEG,1
2019/01/19,14:38,Oil Paint,1
2018/08/20,15:16,Nslookup,1
2019/06/13,17:51,Nutrition Education,1
2019/04/24,13:11,XDCAM,1
2019/04/13,8:42,Kinetic Typography,1
2018/08/16,20:00,IB,1
2018/09/19,10:54,BCA Protein Assay,1
2019/06/15,13:15,RPC,1
2019/03/10,18:33,WDF,1
2019/02/13,21:22,Bands,1
2019/07/20,14:09,IO,1
2018/09/02,13:37,Oligonucleotide Synthesis,1
2019/07/06,10:29,DxDesigner,1
2019/04/22,0:35,Piano Education,1
2018/08/12,2:16,VTL,1
2019/06/14,21:06,CSCS Card,1
2018/09/22,16:16,Flight Training,1
2019/07/28,0:40,TTD,1
2019/04/26,17:03,UCCE,1
2019/04/06,18:21,Pivot Tables,1
2019/01/29,10:57,IVUS,1
2019/01/28,8:14,Kanban,1
2018/12/08,4:57,HBA,1
2019/05/07,12:26,System Deployment,1
2019/05/27,0:36,Web Content,1
2019/05/11,19:15,Upstream,1
2019/05/20,13:35,FP-C,1
2019/03/21,1:41,Google Earth,1
2019/08/04,7:22,Microsoft Dynamics AX,1
2018/09/21,1:43,Geology,1
2018/08/10,7:21,Hudson,1
2019/01/14,12:46,GST,1
2018/08/21,8:43,OO Software Development,1
2019/07/12,1:51,Diagnostic Ultrasound,1
2019/04/05,20:04,MSP Practitioner,1
2018/09/25,9:14,IPv6,1
2019/01/05,23:27,Gmail,1
2019/05/25,10:01,BCLS,1
2018/12/21,11:35,Swaps,1
2019/03/29,7:12,Enzyme Kinetics,1
2019/07/12,22:57,DLL,1
2019/01/23,2:49,Storytelling,1
2018/10/02,11:55,Microsoft SQL Server,1
2019/06/09,15:21,Solution Selling,1
2019/05/09,2:43,DLPAR,1
2019/01/16,3:38,TDI,1
2019/02/05,7:40,MTTR,1
2018/08/13,4:29,Police,1
2018/10/27,15:07,eTOM,1
2019/01/07,15:05,JBoss Application Server,1
2018/10/25,1:17,Early Childhood Education,1
2018/08/30,3:45,CXO level engagement,1
2018/08/21,18:02,Corporate Governance,1
2019/03/25,18:48,Corporate FP&amp;A,1
2018/11/08,15:40,Knee Surgery,1
2019/02/06,19:05,cGMP manufacturing,1
2019/01/20,19:01,Strategic Human Resources Leadership,1
2018/08/05,6:57,NXP,1
2018/08/24,8:54,SAP MM Module,1
2019/04/20,20:11,Hypermesh,1
2019/06/07,6:57,Uniform Combined State Law,1
2018/12/18,19:31,Natural Resource Management,1
2018/12/11,20:35,LSP,1
2019/06/11,12:53,NTP,1
2019/03/05,8:37,IVR,1
2018/08/06,1:12,Win CVS,1
2019/03/12,5:09,Wicklander-Zulawski Interview &amp; Interrogation,1
2018/11/10,20:44,HSR,1
2018/11/05,13:59,Ecotect,1
2018/10/20,14:21,Epicor,1
2018/10/24,13:31,Contractual Agreements,1
2019/05/12,15:03,OHS,1
2018/11/22,12:07,RNA Isolation,1
2019/05/08,18:25,OTRS,1
2019/04/17,6:00,Nonprofits,1
2019/05/28,4:53,Olympic Lifting,1
2018/12/14,21:15,Heavy Oil,1
2018/10/26,12:48,Long-term Care,1
2019/06/17,15:31,International Shipping,1
2018/08/31,3:05,Unified Communications,1
2018/10/27,11:09,HDV,1
2019/05/02,19:13,VRF,1
2019/06/14,3:49,VSOE,1
2018/12/07,6:38,Sage ERP X3,1
2018/08/15,9:38,Fit-out,1
2018/10/11,12:41,RRP,1
2019/07/26,6:36,HSP,1
2018/10/03,2:33,Natural Resource Management,1
2018/12/24,14:55,DNA Sequencing,1
2019/03/26,0:21,Oracle Applications,1
2019/01/25,5:42,Swift,1
2019/01/12,16:22,Budgeting,1
2019/04/05,11:33,MX960,1
2019/06/29,20:27,VTR,1
2019/02/04,10:52,MDL,1
2018/08/11,6:51,Telephone Skills,1
2019/06/19,2:14,MPLAB,1
2018/08/15,21:11,Mental Health Counseling,1
2019/03/11,8:30,Koha,1
2019/06/08,20:11,UTRAN,1
2019/06/13,8:11,CFOs,1
2018/10/20,4:13,HR Consulting,1
2019/07/07,5:31,Machine Tools,1
2018/12/04,11:06,Yahoo Search,1
2018/11/20,9:13,Rhino,1
2019/03/27,18:13,Xbox,1
2018/09/13,4:57,GPIB,1
2018/08/31,15:25,FDTD,1
2018/09/26,2:45,Eblasts,1
2018/10/16,19:09,Oil Analysis,1
2019/06/12,17:02,Window Displays,1
2019/05/10,7:08,RF Circuits,1
2019/04/22,23:19,DTMF,1
2019/06/10,18:39,Linux Kernel,1
2019/04/21,3:44,SQLite,1
2018/10/13,3:38,Google Earth,1
2019/05/26,1:14,Situational Awareness,1
2018/08/24,15:11,Carriage of Goods by Sea,1
2019/04/30,10:28,Utility Mapping,1
2019/07/15,6:14,Fleet Management,1
2018/08/25,6:08,WCCP,1
2018/08/06,17:12,Rotating Equipment,1
2019/03/07,13:22,Ultra Low Latency,1
2019/03/05,6:15,Policy Writing,1
2019/01/26,5:35,GMS,1
2018/08/16,14:08,CCP,1
2019/02/24,20:14,CND,1
2019/01/11,9:40,Professional Liability,1
2019/03/11,20:18,BDD,1
2019/04/05,11:20,UVM,1
2018/12/17,10:22,Quantitative Research,1
2019/02/13,15:02,jBase,1
2019/05/15,12:33,Gcov,1
2019/04/17,11:11,SRDS,1
2019/06/10,0:17,Pre-owned,1
2019/05/18,19:07,MbUnit,1
2018/09/02,13:46,IDX,1
2018/12/28,16:26,VAT,1
2019/06/01,1:15,RSA Tokens,1
2018/09/21,19:21,QS9000,1
2018/12/09,12:43,Museum Collections,1
2018/08/08,6:42,RoboHelp,1
2018/12/04,23:12,Cyberlaw,1
2018/08/18,6:45,VSA,1
2019/07/03,15:15,OMAP,1
2018/09/16,18:52,XHTML,1
2019/07/10,14:56,VPP,1
2019/03/14,11:29,VMware Player,1
2019/01/27,5:48,Biodiversity,1
2018/08/27,13:57,Tunnels,1
2018/09/16,15:23,Mixed Signal,1
2018/12/21,12:57,Swing,1
2019/02/06,6:14,PET-CT,1
2019/04/20,3:57,Human Resources,1
2018/11/26,19:54,GNS3,1
2019/01/21,3:16,Pain Management,1
2019/05/12,9:34,Digital Strategy,1
2019/02/28,13:36,PCR,1
2018/08/07,9:34,Jive,1
2019/04/18,7:11,Payment by Results,1
2019/05/15,6:41,PQQs,1
2018/12/10,3:11,EEG,1
2019/04/30,15:05,Start-up Ventures,1
2019/04/20,1:37,Pthreads,1
2018/12/13,11:14,Visio,1
2019/02/10,20:10,Hodes IQ,1
2019/03/11,3:39,QMF,1
2019/02/23,12:30,Zephyr,1
2019/02/04,22:02,Egyptology,1
2018/09/05,0:17,KNX,1
2018/09/26,10:27,WDS,1
2018/11/28,18:09,Motivational Interviewing,1
2019/01/25,3:52,CPE,1
2019/05/31,9:16,JCE,1
2019/04/12,13:04,HW development,1
2018/10/31,14:07,Organizational Design,1
2018/10/18,22:20,CPFR,1
2019/07/14,19:28,PBASIC,1
2019/06/11,1:13,Festivals,1
2019/03/29,21:41,zSeries,1
2019/02/08,6:16,Digital Journalism,1
2018/11/09,16:32,Ocular Disease,1
2018/09/05,14:36,VMware Certified Professional,1
2018/11/13,10:10,Avionics,1
2018/08/20,15:31,Political Risk Analysis,1
2019/01/07,0:38,Utility Industry,1
2019/06/24,3:26,XaaS,1
2019/03/08,3:41,Application Architecture,1
2019/06/11,15:28,TTS,1
2019/04/13,21:30,Residential Homes,1
2019/04/10,16:46,DBMS,1
2019/03/12,11:00,FME,1
2019/07/10,16:55,VGA,1
2018/08/06,3:57,QuarkXPress,1
2019/07/26,1:07,Project Planning,1
2018/10/28,3:03,OTRS,1
2019/05/29,0:40,VTL,1
2018/10/31,22:10,Attendance Management,1
2018/09/01,5:33,JPEG2000,1
2018/10/06,11:46,VMware Server,1
2018/10/24,4:35,European Union Politics,1
2019/07/24,12:03,RWD Info Pak,1
2019/01/14,7:19,PIX,1
2018/12/14,1:17,GNU C,1
2019/06/12,6:53,Mobile Games,1
2019/05/13,8:56,TPD,1
2019/02/08,4:38,NIR Spectroscopy,1
2019/04/25,12:20,TWiki,1
2019/06/13,8:05,OEM Management,1
2018/10/08,1:19,NX Unigraphics,1
2019/03/30,4:19,Quality Assurance,1
2019/03/04,23:10,Zend Framework,1
2018/12/28,2:48,Rigging,1
2019/03/03,23:50,FMCG,1
2018/09/29,13:39,Test Driven Development,1
2019/01/12,10:39,Utilities Management,1
2018/11/27,6:39,DC Operations,1
2019/07/15,9:06,Fine Art Photography,1
2019/02/10,5:29,PBX,1
2018/12/04,6:31,Due Diligence,1
2019/04/24,0:28,NPO,1
2019/01/07,21:25,FSC certified,1
2019/06/27,21:13,CCS,1
2019/05/15,17:46,Brokers,1
2019/02/06,22:29,Summation iBlaze,1
2018/11/09,10:14,Vulnerability,1
2019/05/27,3:07,Juvenile Delinquency,1
2018/12/12,10:52,CX,1
2019/07/14,21:44,Partnership Taxation,1
2019/08/03,7:57,TDR,1
2019/05/09,20:06,PPP,1
2018/10/28,13:19,Algorithm Design,1
2018/08/05,17:20,Aquifer Testing,1
2019/07/17,19:02,HSRP,1
2019/08/01,7:28,GWT,1
2018/09/16,21:13,Lithium-ion Batteries,1
2019/02/05,1:19,VTAM,1
2019/02/02,23:13,Mobile Devices,1
2019/02/02,19:12,Flexo,1
2019/01/02,21:01,Legal Writing,1
2019/03/11,21:51,Short Stories,1
2018/10/27,23:04,Nslookup,1
2018/12/26,11:14,Traditional IRA,1
2019/06/11,1:23,DFLSS,1
2019/04/26,17:44,Uranium,1
2019/03/09,14:08,Ownership,1
2018/11/18,18:53,CWNA,1
2019/02/04,15:27,Diagnostic Ultrasound,1
2019/02/16,1:45,Venture Capital,1
2019/06/07,15:25,Hibernate,1
2019/02/06,15:30,ICD-10,1
2019/01/26,20:29,Onshore,1
2018/08/09,15:09,Fashion Jewelry,1
2019/05/12,11:17,SDK,1
2019/04/09,12:14,Human Factors,1
2018/10/06,19:29,OCaml,1
2019/06/10,12:19,RS/6000,1
2019/03/12,20:22,CQC,1
2019/04/05,12:55,SRAM,1
2019/05/22,16:31,RTK,1
2019/06/15,17:32,RCM,1
2018/08/07,16:19,FTP software,1
2019/03/01,9:10,Applied Behavior Analysis,1
2019/03/22,18:32,Kodaly,1
2019/04/27,15:17,GPRS,1
2018/09/17,8:55,HTML Emails,1
2019/02/08,5:46,Flooring,1
2019/03/10,20:02,Life Cycle Assessment,1
2018/09/22,2:33,SDLC,1
2018/12/01,22:52,Gas Turbines,1
2019/02/21,22:35,Luxury Lifestyle,1
2018/12/06,6:17,Payment by Results,1
2019/05/17,0:25,RHIA,1
2019/06/19,2:36,ASP.NET,1
2019/07/10,16:31,Policy,1
2018/08/23,20:43,Water Resources,1
2019/06/07,18:04,PCRF,1
2019/07/18,10:05,Aquatic Therapy,1
2018/12/24,8:42,Voiceovers,1
2019/04/16,19:07,Hydraulic Systems,1
2019/02/23,17:23,Sports,1
2018/11/16,16:14,PFI,1
2019/07/09,7:47,Smartphones,1
2018/10/06,16:11,OMT,1
2018/12/12,12:40,IBM Tivoli,1
2018/09/22,18:49,Aerospace Manufacturing,1
2019/06/07,15:41,Electrical Controls,1
2019/01/23,22:15,Google Earth,1
2019/06/22,5:45,LTL,1
2019/01/09,17:01,DDoS,1
2018/09/23,19:09,Location Intelligence,1
2019/07/12,8:14,Drainage,1
2018/10/04,12:34,Keynote,1
2019/06/29,14:54,Facebook,1
2018/09/10,5:51,MRIS,1
2019/02/26,17:01,RTL Design,1
2018/10/19,4:01,Eiffel,1
2019/02/17,13:14,CICS,1
2018/11/18,21:16,RF Scanners,1
2019/07/28,14:11,RF Design,1
2019/01/09,2:47,OxMetrics,1
2018/10/03,17:31,WLM,1
2018/12/16,15:19,Yield,1
2019/04/01,4:36,Kronos,1
2019/03/23,20:43,Digital Signage,1
2019/03/09,8:07,Portraits,1
2019/07/16,23:05,Qooxdoo,1
2019/07/01,4:27,Target Costing,1
2019/03/27,8:27,NRA,1
2019/06/09,16:53,Experimentation,1
2018/09/14,19:05,AKTA,1
2018/09/03,16:07,CQ,1
2019/04/23,15:46,Performance Appraisal,1
2018/08/15,11:44,Mobile Games,1
2019/01/20,8:11,Global Mobility,1
2018/11/20,9:19,Hoshin Kanri,1
2019/05/23,10:55,Internet Banking,1
2019/03/16,12:08,SFI,1
2018/12/26,13:52,Red Hat Linux,1
2018/08/17,22:25,Asset Protection,1
2019/05/16,20:42,Clerical Skills,1
2019/06/17,9:36,Commercial Aviation,1
2019/02/21,8:19,JSLint,1
2019/03/31,1:11,LDPE,1
2019/07/21,17:11,French,1
2019/04/14,23:54,Information Architecture,1
2018/12/04,15:09,Design Thinking,1
2018/08/29,5:16,Class Actions,1
2019/04/20,4:57,Molecular Dynamics,1
2018/08/11,10:21,Service Delivery,1
2019/03/22,0:16,Yacht Charters,1
2018/09/08,1:52,BMX,1
2019/03/24,22:41,IEC 61131-3,1
2019/03/29,1:03,Family Therapy,1
2018/11/18,19:32,DLL,1
2018/09/11,0:23,Kohana Framework,1
2019/01/19,21:21,GCIH,1
2018/11/20,3:52,HDI,1
2019/02/27,6:17,MDSD,1
2019/06/09,22:30,DTE,1
2019/05/28,10:09,Drug Discovery,1
2019/01/17,2:25,PMO Services,1
2019/01/29,18:39,HBSS,1
2018/12/23,7:36,Koi Ponds,1
2019/05/11,11:43,Vacation,1
2018/08/11,14:15,Rugby Union,1
2019/02/25,5:34,Tcl-Tk,1
2019/07/14,13:03,RTA,1
2019/07/21,23:16,HGV,1
2018/12/25,23:07,SAP XI,1
2019/01/13,12:15,Computer Hardware,1
2018/11/28,12:34,Social Justice,1
2019/03/03,12:39,PTW,1
2018/11/04,3:52,MSDS,1
2019/06/28,15:31,Special Effects,1
2018/12/04,19:14,PET-CT,1
2019/06/22,14:57,RTU,1
2019/06/27,8:23,European Affairs,1
2018/12/24,10:51,Talent Booking,1
2019/02/22,2:07,Bit.ly,1
2019/03/31,17:06,AutoCAD,1
2019/01/18,10:34,ION Marketview,1
2019/02/21,0:17,New Media,1
2019/06/01,11:17,Media TV,1
2018/08/12,0:38,ADP Payroll,1
2019/06/27,2:50,Estimates,1
2019/05/11,17:38,xPression,1
2019/06/16,8:37,GFAS,1
2018/10/09,10:26,Ghost Imaging,1
2018/11/20,3:10,CNS disorders,1
2019/02/12,14:00,Situational Awareness,1
2019/04/02,6:17,GAAP,1
2019/07/26,2:50,IAX,1
2019/02/08,7:55,Therapeutic Areas,1
2019/02/23,18:21,Oracle ERP,1
2018/08/23,12:29,Novell Netware,1
2019/04/01,7:19,Aesthetics,1
2018/09/12,1:20,Interest Rate Swaps,1
2018/12/20,6:55,FTTx,1
2019/06/25,9:10,Community Organizing,1
2018/09/21,4:55,Spring DM,1
2019/01/24,15:17,NDM,1
2019/05/18,0:03,IIS,1
2019/03/07,0:16,VRS,1
2019/07/11,4:02,MFC,1
2019/03/11,21:27,High Performance Computing,1
2019/05/20,13:26,Film Production,1
2018/12/27,17:20,Wireless,1
2018/08/23,13:45,Product Launch,1
2019/05/28,17:59,AV,1
2019/07/01,8:00,Tween,1
2018/10/09,21:29,Oxygen,1
2019/05/07,21:11,EOS,1
2018/12/17,7:06,Eze Castle,1
2018/09/04,1:28,RPO,1
2019/04/17,1:24,Clinical Nutrition,1
2018/08/27,15:19,MDSD,1
2019/01/27,6:25,NLog,1
2018/09/20,18:16,Contract Management,1
2019/04/14,4:29,Online Marketing,1
2018/10/30,0:18,Small Business Marketing,1
2019/01/16,10:28,RSLogix,1
2019/05/26,5:17,MDF,1
2019/02/08,18:11,FBO,1
2018/10/12,12:16,Planning,1
2019/08/01,2:37,MSP Practitioner,1
2019/07/21,11:40,CFM,1
2019/06/20,17:25,Luxury Homes,1
2019/03/18,23:41,Siding,1
2018/10/19,10:38,Onboarding,1
2018/09/19,14:11,Differentiated Instruction,1
2018/09/09,17:43,VTP,1
2019/07/14,4:38,DNA microarray,1
2018/10/24,10:14,GIS systems,1
2019/08/01,12:38,Tunneling,1
2018/08/09,16:00,White Papers,1
2018/11/06,5:27,Federal Grants Management,1
2019/05/19,13:47,TIG Welding,1
2019/07/04,13:58,HCS12,1
2018/08/14,3:39,CGI programming,1
2019/08/02,1:55,MPIO,1
2018/11/27,20:08,Homeland Security,1
2019/07/10,14:22,Operational Risk Management,1
2018/12/02,22:27,Icon Design,1
2018/10/15,8:06,Dell KACE,1
2018/12/05,17:26,Nuclear Engineering,1
2018/10/09,6:55,Guitar Playing,1
2019/02/03,12:21,Theatre,1
2019/03/30,14:26,AAUS Scientific Diver,1
2019/03/05,3:51,ASP.NET,1
2019/06/18,13:03,MPLS-TP,1
2019/04/02,23:40,Farms,1
2019/06/07,1:08,HR Solutions,1
2019/08/03,13:50,PFI,1
2018/10/15,14:13,nMarket,1
2018/09/09,4:24,Guest Recovery,1
2019/06/04,17:00,Yoga Instruction,1
2019/04/19,8:30,SAP,1
2019/05/02,9:43,NPI Management,1
2018/11/27,10:38,DCN,1
2019/05/03,5:36,Account Reconciliation,1
2018/10/09,6:12,Aerospace Manufacturing,1
2019/07/01,0:27,DBU,1
2018/12/24,4:20,MLOAD,1
2019/04/08,23:01,Citrix XenDesktop,1
2019/02/13,7:24,DLS,1
2019/07/05,21:24,RSA Tokens,1
2019/03/24,14:07,Pensions,1
2018/09/22,15:20,Krav Maga,1
2019/08/02,12:07,HBSS,1
2018/09/17,0:48,RNA Biology,1
2018/09/20,6:24,Quality Control,1
2018/10/29,21:10,ERISA,1
2018/10/10,10:25,JAX-RPC,1
2018/08/07,13:03,Go,1
2018/09/19,6:47,WS-*,1
2018/12/27,7:17,IES VE,1
2019/06/16,3:17,Oleochemicals,1
2019/06/12,11:42,Attendance Management,1
2018/09/16,20:29,DCN,1
2019/01/20,3:45,DFS,1
2018/10/15,19:45,Observational Astronomy,1
2019/03/31,2:51,Kubuntu,1
2019/07/02,5:15,MLB,1
2019/03/19,2:50,Core Java,1
2019/06/19,19:23,Web Design,1
2019/07/25,19:48,DSP BIOS,1
2019/01/01,8:31,Hotel Booking,1
2018/10/19,15:11,UHV,1
2019/07/19,9:06,MFR,1
2018/10/13,0:37,WordPress,1
2019/02/12,13:54,Troubleshooting,1
2018/10/05,9:45,OTRS,1
2018/11/11,9:30,IGOR Pro,1
2019/01/30,6:37,MRI Software,1
2019/01/28,9:15,Middle Office,1
2019/02/22,1:06,MCDST,1
2018/12/09,7:50,Nonprofits,1
2019/01/25,22:48,CCSP,1
2018/11/28,2:37,GGY Axis,1
2019/07/18,23:41,GNS3,1
2018/11/23,23:55,Coaching,1
2019/07/12,1:43,European History,1
2019/04/17,10:02,RS232,1
2019/03/19,16:22,Biomass,1
2018/09/18,5:31,XCAL,1
2018/11/13,23:42,Import,1
2019/06/01,6:48,Emotional Intelligence,1
2018/12/10,1:12,Healthcare Industry,1
2018/11/03,16:49,Logging,1
2018/11/18,12:47,EEO Reporting,1
2019/07/07,6:08,MPEG,1
2018/09/05,15:09,Go-to-market Strategy,1
2019/01/01,23:47,Luxury Lifestyle,1
2018/11/26,21:48,Broadcast,1
2018/11/13,0:19,PFS,1
2018/09/04,4:06,Program Development,1
2018/09/06,4:02,Jing,1
2019/06/25,11:17,European Computer Driving Licence,1
2018/10/23,12:07,FM Radio,1
2019/02/24,2:48,Aircraft,1
2018/11/17,17:58,First Time Home Sellers,1
2019/03/11,5:21,GVP,1
2019/03/03,12:14,MBCS,1
2018/10/03,0:24,Cash Flow,1
2018/11/16,13:58,DVD Authoring,1
2018/12/18,11:09,XCAL,1
2019/02/02,6:35,OTS,1
2019/02/07,9:55,Kenan FX,1
2019/04/17,1:41,IBM Utilities,1
2018/11/17,6:44,Image Manipulation,1
2019/05/26,0:51,FDMA,1
2019/05/26,3:13,Scientific Writing,1
2019/05/30,5:18,Gutters,1
2018/10/07,14:48,Import,1
2018/10/23,15:43,Oracle Applications,1
2018/12/02,16:02,BPCS,1
2018/10/19,0:29,SFIA,1
2019/03/20,11:30,Overtime,1
2019/02/04,13:29,Durable Medical Equipment,1
2019/07/02,23:53,Workplace Violence,1
2018/10/27,10:48,High Yield Bonds,1
2019/07/15,14:12,SDLX,1
2018/08/28,9:23,RF,1
2019/03/10,19:16,Speech Writing,1
2018/11/17,3:25,Spring Framework,1
2019/06/18,4:29,PCP,1
2019/04/20,22:59,Current Affairs,1
2018/09/16,17:55,NREMT,1
2018/11/22,21:48,FEED,1
2018/10/20,5:49,Hardware Diagnostics,1
2019/05/03,13:23,GMPLS,1
2019/07/11,0:12,IEF,1
2019/07/29,12:25,E-zines,1
2018/12/09,12:13,Simple IRA,1
2019/03/30,14:39,Grief Counseling,1
2019/02/07,14:37,RSVP-TE,1
2018/10/29,20:13,RNAi,1
2018/08/16,6:46,Koi Ponds,1
2019/01/14,7:41,Nielsen Data,1
2018/12/09,7:39,EEM,1
2018/08/13,18:14,Nikon,1
2019/03/17,20:39,Affordable Housing,1
2019/06/12,6:50,Motivational Interviewing,1
2019/05/26,5:58,EFTPOS,1
2019/03/10,21:36,WWII,1
2019/06/06,20:41,Coaching,1
2018/09/29,17:27,Oncology,1
2018/09/27,14:07,Bridge,1
2019/05/19,17:59,Home Care,1
2019/01/18,9:11,IEC 62304,1
2018/12/01,11:39,XForms,1
2019/05/07,2:15,NCS,1
2018/10/03,19:42,EH&amp;S Compliance,1
2018/11/15,2:17,PTW,1
2019/06/29,10:56,Linux KVM,1
2019/01/02,6:18,Job Fairs,1
2019/07/11,18:52,Orthopedics,1
2019/02/26,5:46,Aquatic Toxicology,1
