giapico0@loc.gov!Ivan!Ivanov!2016-08-16!053,1
rbulcock1@istockphoto.com!David!Zingerman!1989-08-17!053,1
pcatterill2@cafepress.com!Haim!Shvonder!2012-08-18!053,1
pdecarlo3@nbcnews.com!Dmitriy!Sokolov!1994-08-19!053,1
bshillum4@blogspot.com!Sergey!Vasiljev!2011-08-20!053,1
efelderer5@biblegateway.com!Ivan!Tokorev!2016-01-16!053,1
ndiver6@independent.co.uk!Alexander!Perelman!1999-06-16!053,1
cshoobridge7@jalbum.net!Alex!Durin!2016-05-26!053,1
bcotmore8@opensource.org!Andrey!Sidorov!1987-11-16!053,1
mdesaur9@flickr.com!Masha!Petrman!1988-09-16!053,1
giapico04@loc.gov!Ivan!Ivanov!2016-08-16!053,1
rbulcock11@istockphoto.com!David!Zingerman!1989-08-17!053,1
pcatterill21@cafepress.com!Haim!Shvonder!2012-08-18!053,1
pdecarlo33@nbcnews.com!Dmitriy!Somanov!1994-08-19!053,1
bshillum42@blogspot.com!Sergey!Vasiljev!2011-08-20!053,1
efeld4erer54@biblegateway.com!Ivan!Tokorev!2016-01-16!053,1
ndive4r6@independent.co.uk!Alexander!Ivanov!1999-06-16!053,1
cshoobri4dge7@jalbum.net!Alex!Durin!2016-05-26!053,1
bcot1more8@opensource.org!Andrey!Sidorov!1987-11-16!053,1
mdes32aur9@flickr.com!Masha!Petrman!1988-09-16!053,1
qgiapico0@loc.gov!Ivan!Ivanov!2016-08-16!053,1
qrbulcock1@istockphoto.com!David!Zingerman!1989-08-17!053,1
qpcatterill2@cafepress.com!Haim!Shvonder!2012-08-18!053,1
qpdecarlo3@nbcnews.com!Dmitriy!Sokolov!1994-08-19!053,1
qbshillum4@blogspot.com!Sergey!Vasiljev!2011-08-20!053,1
qefelderer5@biblegateway.com!Ivan!Tokorev!2016-01-16!053,1
qndiver6@independent.co.uk!Alexander!Perelman!1999-06-16!053,1
qcshoobridge7@jalbum.net!Alex!Durin!2016-05-26!053,1
qbcotmore8@opensource.org!Andrey!Sidorov!1987-11-16!053,1
qmdesaur9@flickr.com!Masha!Petrman!1988-09-16!053,1
qgiapico04@loc.gov!Ivan!Ivanov!2016-08-16!053,1
qrbulcock11@istockphoto.com!David!Zingerman!1989-08-17!053,1
qpcatterill21@cafepress.com!Haim!Shvonder!2012-08-18!053,1
qpdecarlo33@nbcnews.com!Dmitriy!Somanov!1994-08-19!053,1
qbshillum42@blogspot.com!Sergey!Vasiljev!2011-08-20!053,1
qefeld4erer54@biblegateway.com!Ivan!Tokorev!2016-01-16!053,1
qndive4r6@independent.co.uk!Alexander!Ivanov!1999-06-16!053,1
qcshoobri4dge7@jalbum.net!Alex!Durin!2016-05-26!053,1
qbcot1more8@opensource.org!Andrey!Sidorov!1987-11-16!053,1
qmdes32aur9@flickr.com!Masha!Petrman!1988-09-16!053,1
agiapico0@loc.gov!Ivan!Ivanov!2016-08-16!053,1
arbulcock1@istockphoto.com!David!Zingerman!1989-08-17!053,1
apcatterill2@cafepress.com!Haim!Shvonder!2012-08-18!053,1
apdecarlo3@nbcnews.com!Dmitriy!Sokolov!1994-08-19!053,1
abshillum4@blogspot.com!Sergey!Vasiljev!2011-08-20!053,1
aefelderer5@biblegateway.com!Ivan!Tokorev!2016-01-16!053,1
andiver6@independent.co.uk!Alexander!Perelman!1999-06-16!053,1
acshoobridge7@jalbum.net!Alex!Durin!2016-05-26!053,1
abcotmore8@opensource.org!Andrey!Sidorov!1987-11-16!053,1
amdesaur9@flickr.com!Masha!Petrman!1988-09-16!053,1
agiapico04@loc.gov!Ivan!Ivanov!2016-08-16!053,1
arbulcock11@istockphoto.com!David!Zingerman!1989-08-17!053,1
apcatterill21@cafepress.com!Haim!Shvonder!2012-08-18!053,1
apdecarlo33@nbcnews.com!Dmitriy!Somanov!1994-08-19!053,1
abshillum42@blogspot.com!Sergey!Vasiljev!2011-08-20!053,1
aefeld4erer54@biblegateway.com!Ivan!Tokorev!2016-01-16!053,1
andive4r6@independent.co.uk!Alexander!Ivanov!1999-06-16!053,1
acshoobri4dge7@jalbum.net!Alex!Durin!2016-05-26!053,1
abcot1more8@opensource.org!Andrey!Sidorov!1987-11-16!053,1
amdes32aur9@flickr.com!Masha!Petrman!1988-09-16!053,1
wgiapico0@loc.gov!Ivan!Ivanov!2016-08-16!053,1
wrbulcock1@istockphoto.com!David!Zingerman!1989-08-17!053,1
wpcatterill2@cafepress.com!Haim!Shvonder!2012-08-18!053,1
wpdecarlo3@nbcnews.com!Dmitriy!Sokolov!1994-08-19!053,1
wbshillum4@blogspot.com!Sergey!Vasiljev!2011-08-20!053,1
wefelderer5@biblegateway.com!Ivan!Tokorev!2016-01-16!053,1
wndiver6@independent.co.uk!Alexander!Perelman!1999-06-16!053,1
wcshoobridge7@jalbum.net!Alex!Durin!2016-05-26!053,1
wbcotmore8@opensource.org!Andrey!Sidorov!1987-11-16!053,1
wmdesaur9@flickr.com!Masha!Petrman!1988-09-16!053,1
wgiapico04@loc.gov!Ivan!Ivanov!2016-08-16!053,1
wrbulcock11@istockphoto.com!David!Zingerman!1989-08-17!053,1
wpcatterill21@cafepress.com!Haim!Shvonder!2012-08-18!053,1
wpdecarlo33@nbcnews.com!Dmitriy!Somanov!1994-08-19!053,1
wbshillum42@blogspot.com!Sergey!Vasiljev!2011-08-20!053,1
wefeld4erer54@biblegateway.com!Ivan!Tokorev!2016-01-16!053,1
wndive4r6@independent.co.uk!Alexander!Ivanov!1999-06-16!053,1
wcshoobri4dge7@jalbum.net!Alex!Durin!2016-05-26!053,1
wbcot1more8@opensource.org!Andrey!Sidorov!1987-11-16!053,1
wmdes32aur9@flickr.com!Masha!Petrman!1988-09-16!053,1
sgiapico0@loc.gov!Ivan!Ivanov!2016-08-16!053,1
srbulcock1@istockphoto.com!David!Zingerman!1989-08-17!053,1
spcatterill2@cafepress.com!Haim!Shvonder!2012-08-18!053,1
spdecarlo3@nbcnews.com!Dmitriy!Sokolov!1994-08-19!053,1
sbshillum4@blogspot.com!Sergey!Vasiljev!2011-08-20!053,1
sefelderer5@biblegateway.com!Ivan!Tokorev!2016-01-16!053,1
sndiver6@independent.co.uk!Alexander!Perelman!1999-06-16!053,1
scshoobridge7@jalbum.net!Alex!Durin!2016-05-26!053,1
sbcotmore8@opensource.org!Andrey!Sidorov!1987-11-16!053,1
smdesaur9@flickr.com!Masha!Petrman!1988-09-16!053,1
sgiapico04@loc.gov!Ivan!Ivanov!2016-08-16!053,1
srbulcock11@istockphoto.com!David!Zingerman!1989-08-17!053,1
spcatterill21@cafepress.com!Haim!Shvonder!2012-08-18!053,1
spdecarlo33@nbcnews.com!Dmitriy!Somanov!1994-08-19!053,1
sbshillum42@blogspot.com!Sergey!Vasiljev!2011-08-20!053,1
sefeld4erer54@biblegateway.com!Ivan!Tokorev!2016-01-16!053,1
sndive4r6@independent.co.uk!Alexander!Ivanov!1999-06-16!053,1
scshoobri4dge7@jalbum.net!Alex!Durin!2016-05-26!053,1
sbcot1more8@opensource.org!Andrey!Sidorov!1987-11-16!053,1
smdes32aur9@flickr.com!Masha!Petrman!1988-09-16!053,1
egiapico0@loc.gov!Ivan!Ivanov!2016-08-16!053,1
erbulcock1@istockphoto.com!David!Zingerman!1989-08-17!053,1
epcatterill2@cafepress.com!Haim!Shvonder!2012-08-18!053,1
epdecarlo3@nbcnews.com!Dmitriy!Sokolov!1994-08-19!053,1
ebshillum4@blogspot.com!Sergey!Vasiljev!2011-08-20!053,1
eefelderer5@biblegateway.com!Ivan!Tokorev!2016-01-16!053,1
endiver6@independent.co.uk!Alexander!Perelman!1999-06-16!053,1
ecshoobridge7@jalbum.net!Alex!Durin!2016-05-26!053,1
ebcotmore8@opensource.org!Andrey!Sidorov!1987-11-16!053,1
emdesaur9@flickr.com!Masha!Petrman!1988-09-16!053,1
egiapico04@loc.gov!Ivan!Ivanov!2016-08-16!053,1
erbulcock11@istockphoto.com!David!Zingerman!1989-08-17!053,1
epcatterill21@cafepress.com!Haim!Shvonder!2012-08-18!053,1
epdecarlo33@nbcnews.com!Dmitriy!Somanov!1994-08-19!053,1
ebshillum42@blogspot.com!Sergey!Vasiljev!2011-08-20!053,1
eefeld4erer54@biblegateway.com!Ivan!Tokorev!2016-01-16!053,1
endive4r6@independent.co.uk!Alexander!Ivanov!1999-06-16!053,1
ecshoobri4dge7@jalbum.net!Alex!Durin!2016-05-26!053,1
ebcot1more8@opensource.org!Andrey!Sidorov!1987-11-16!053,1
emdes32aur9@flickr.com!Masha!Petrman!1988-09-16!053,1
dgiapico0@loc.gov!Ivan!Ivanov!2016-08-16!053,1
drbulcock1@istockphoto.com!David!Zingerman!1989-08-17!053,1
dpcatterill2@cafepress.com!Haim!Shvonder!2012-08-18!053,1
dpdecarlo3@nbcnews.com!Dmitriy!Sokolov!1994-08-19!053,1
dbshillum4@blogspot.com!Sergey!Vasiljev!2011-08-20!053,1
defelderer5@biblegateway.com!Ivan!Tokorev!2016-01-16!053,1
dndiver6@independent.co.uk!Alexander!Perelman!1999-06-16!053,1
dcshoobridge7@jalbum.net!Alex!Durin!2016-05-26!053,1
dbcotmore8@opensource.org!Andrey!Sidorov!1987-11-16!053,1
dmdesaur9@flickr.com!Masha!Petrman!1988-09-16!053,1
dgiapico04@loc.gov!Ivan!Ivanov!2016-08-16!053,1
drbulcock11@istockphoto.com!David!Zingerman!1989-08-17!053,1
dpcatterill21@cafepress.com!Haim!Shvonder!2012-08-18!053,1
dpdecarlo33@nbcnews.com!Dmitriy!Somanov!1994-08-19!053,1
dbshillum42@blogspot.com!Sergey!Vasiljev!2011-08-20!053,1
defeld4erer54@biblegateway.com!Ivan!Tokorev!2016-01-16!053,1
dndive4r6@independent.co.uk!Alexander!Ivanov!1999-06-16!053,1
dcshoobri4dge7@jalbum.net!Alex!Durin!2016-05-26!053,1
dbcot1more8@opensource.org!Andrey!Sidorov!1987-11-16!053,1
dmdes32aur9@flickr.com!Masha!Petrman!1988-09-16!053,1
rgiapico0@loc.gov!Ivan!Ivanov!2016-08-16!053,1
rrbulcock1@istockphoto.com!David!Zingerman!1989-08-17!053,1
rpcatterill2@cafepress.com!Haim!Shvonder!2012-08-18!053,1
rpdecarlo3@nbcnews.com!Dmitriy!Sokolov!1994-08-19!053,1
rbshillum4@blogspot.com!Sergey!Vasiljev!2011-08-20!053,1
refelderer5@biblegateway.com!Ivan!Tokorev!2016-01-16!053,1
rndiver6@independent.co.uk!Alexander!Perelman!1999-06-16!053,1
rcshoobridge7@jalbum.net!Alex!Durin!2016-05-26!053,1
rbcotmore8@opensource.org!Andrey!Sidorov!1987-11-16!053,1
rmdesaur9@flickr.com!Masha!Petrman!1988-09-16!053,1
rgiapico04@loc.gov!Ivan!Ivanov!2016-08-16!053,1
rrbulcock11@istockphoto.com!David!Zingerman!1989-08-17!053,1
rpcatterill21@cafepress.com!Haim!Shvonder!2012-08-18!053,1
rpdecarlo33@nbcnews.com!Dmitriy!Somanov!1994-08-19!053,1
rbshillum42@blogspot.com!Sergey!Vasiljev!2011-08-20!053,1
refeld4erer54@biblegateway.com!Ivan!Tokorev!2016-01-16!053,1
rndive4r6@independent.co.uk!Alexander!Ivanov!1999-06-16!053,1
rcshoobri4dge7@jalbum.net!Alex!Durin!2016-05-26!053,1
rbcot1more8@opensource.org!Andrey!Sidorov!1987-11-16!053,1
rmdes32aur9@flickr.com!Masha!Petrman!1988-09-16!053,1
fgiapico0@loc.gov!Ivan!Ivanov!2016-08-16!053,1
frbulcock1@istockphoto.com!David!Zingerman!1989-08-17!053,1
fpcatterill2@cafepress.com!Haim!Shvonder!2012-08-18!053,1
fpdecarlo3@nbcnews.com!Dmitriy!Sokolov!1994-08-19!053,1
fbshillum4@blogspot.com!Sergey!Vasiljev!2011-08-20!053,1
fefelderer5@biblegateway.com!Ivan!Tokorev!2016-01-16!053,1
fndiver6@independent.co.uk!Alexander!Perelman!1999-06-16!053,1
fcshoobridge7@jalbum.net!Alex!Durin!2016-05-26!053,1
fbcotmore8@opensource.org!Andrey!Sidorov!1987-11-16!053,1
fmdesaur9@flickr.com!Masha!Petrman!1988-09-16!053,1
fgiapico04@loc.gov!Ivan!Ivanov!2016-08-16!053,1
frbulcock11@istockphoto.com!David!Zingerman!1989-08-17!053,1
fpcatterill21@cafepress.com!Haim!Shvonder!2012-08-18!053,1
fpdecarlo33@nbcnews.com!Dmitriy!Somanov!1994-08-19!053,1
fbshillum42@blogspot.com!Sergey!Vasiljev!2011-08-20!053,1
fefeld4erer54@biblegateway.com!Ivan!Tokorev!2016-01-16!053,1
fndive4r6@independent.co.uk!Alexander!Ivanov!1999-06-16!053,1
fcshoobri4dge7@jalbum.net!Alex!Durin!2016-05-26!053,1
fbcot1more8@opensource.org!Andrey!Sidorov!1987-11-16!053,1
fmdes32aur9@flickr.com!Masha!Petrman!1988-09-16!053,1
tgiapico0@loc.gov!Ivan!Ivanov!2016-08-16!053,1
trbulcock1@istockphoto.com!David!Zingerman!1989-08-17!053,1
tpcatterill2@cafepress.com!Haim!Shvonder!2012-08-18!053,1
tpdecarlo3@nbcnews.com!Dmitriy!Sokolov!1994-08-19!053,1
tbshillum4@blogspot.com!Sergey!Vasiljev!2011-08-20!053,1
tefelderer5@biblegateway.com!Ivan!Tokorev!2016-01-16!053,1
tndiver6@independent.co.uk!Alexander!Perelman!1999-06-16!053,1
tcshoobridge7@jalbum.net!Alex!Durin!2016-05-26!053,1
tbcotmore8@opensource.org!Andrey!Sidorov!1987-11-16!053,1
tmdesaur9@flickr.com!Masha!Petrman!1988-09-16!053,1
tgiapico04@loc.gov!Ivan!Ivanov!2016-08-16!053,1
trbulcock11@istockphoto.com!David!Zingerman!1989-08-17!053,1
tpcatterill21@cafepress.com!Haim!Shvonder!2012-08-18!053,1
tpdecarlo33@nbcnews.com!Dmitriy!Somanov!1994-08-19!053,1
tbshillum42@blogspot.com!Sergey!Vasiljev!2011-08-20!053,1
tefeld4erer54@biblegateway.com!Ivan!Tokorev!2016-01-16!053,1
tndive4r6@independent.co.uk!Alexander!Ivanov!1999-06-16!053,1
tcshoobri4dge7@jalbum.net!Alex!Durin!2016-05-26!053,1
tbcot1more8@opensource.org!Andrey!Sidorov!1987-11-16!053,1
tmdes32aur9@flickr.com!Masha!Petrman!1988-09-16!053,1
ggiapico0@loc.gov!Ivan!Ivanov!2016-08-16!053,1
grbulcock1@istockphoto.com!David!Zingerman!1989-08-17!053,1
gpcatterill2@cafepress.com!Haim!Shvonder!2012-08-18!053,1
gpdecarlo3@nbcnews.com!Dmitriy!Sokolov!1994-08-19!053,1
gbshillum4@blogspot.com!Sergey!Vasiljev!2011-08-20!053,1
gefelderer5@biblegateway.com!Ivan!Tokorev!2016-01-16!053,1
gndiver6@independent.co.uk!Alexander!Perelman!1999-06-16!053,1
gcshoobridge7@jalbum.net!Alex!Durin!2016-05-26!053,1
gbcotmore8@opensource.org!Andrey!Sidorov!1987-11-16!053,1
gmdesaur9@flickr.com!Masha!Petrman!1988-09-16!053,1
ggiapico04@loc.gov!Ivan!Ivanov!2016-08-16!053,1
grbulcock11@istockphoto.com!David!Zingerman!1989-08-17!053,1
gpcatterill21@cafepress.com!Haim!Shvonder!2012-08-18!053,1
gpdecarlo33@nbcnews.com!Dmitriy!Somanov!1994-08-19!053,1
gbshillum42@blogspot.com!Sergey!Vasiljev!2011-08-20!053,1
gefeld4erer54@biblegateway.com!Ivan!Tokorev!2016-01-16!053,1
gndive4r6@independent.co.uk!Alexander!Ivanov!1999-06-16!053,1
gcshoobri4dge7@jalbum.net!Alex!Durin!2016-05-26!053,1
gbcot1more8@opensource.org!Andrey!Sidorov!1987-11-16!053,1
gmdes32aur9@flickr.com!Masha!Petrman!1988-09-16!053,1
ygiapico0@loc.gov!Ivan!Ivanov!2016-08-16!053,1
yrbulcock1@istockphoto.com!David!Zingerman!1989-08-17!053,1
ypcatterill2@cafepress.com!Haim!Shvonder!2012-08-18!053,1
ypdecarlo3@nbcnews.com!Dmitriy!Sokolov!1994-08-19!053,1
ybshillum4@blogspot.com!Sergey!Vasiljev!2011-08-20!053,1
yefelderer5@biblegateway.com!Ivan!Tokorev!2016-01-16!053,1
yndiver6@independent.co.uk!Alexander!Perelman!1999-06-16!053,1
ycshoobridge7@jalbum.net!Alex!Durin!2016-05-26!053,1
ybcotmore8@opensource.org!Andrey!Sidorov!1987-11-16!053,1
ymdesaur9@flickr.com!Masha!Petrman!1988-09-16!053,1
ygiapico04@loc.gov!Ivan!Ivanov!2016-08-16!053,1
yrbulcock11@istockphoto.com!David!Zingerman!1989-08-17!053,1
ypcatterill21@cafepress.com!Haim!Shvonder!2012-08-18!053,1
ypdecarlo33@nbcnews.com!Dmitriy!Somanov!1994-08-19!053,1
ybshillum42@blogspot.com!Sergey!Vasiljev!2011-08-20!053,1
yefeld4erer54@biblegateway.com!Ivan!Tokorev!2016-01-16!053,1
yndive4r6@independent.co.uk!Alexander!Ivanov!1999-06-16!053,1
ycshoobri4dge7@jalbum.net!Alex!Durin!2016-05-26!053,1
ybcot1more8@opensource.org!Andrey!Sidorov!1987-11-16!053,1
ymdes32aur9@flickr.com!Masha!Petrman!1988-09-16!053,1
hgiapico0@loc.gov!Ivan!Ivanov!2016-08-16!053,1
hrbulcock1@istockphoto.com!David!Zingerman!1989-08-17!053,1
hpcatterill2@cafepress.com!Haim!Shvonder!2012-08-18!053,1
hpdecarlo3@nbcnews.com!Dmitriy!Sokolov!1994-08-19!053,1
hbshillum4@blogspot.com!Sergey!Vasiljev!2011-08-20!053,1
hefelderer5@biblegateway.com!Ivan!Tokorev!2016-01-16!053,1
hndiver6@independent.co.uk!Alexander!Perelman!1999-06-16!053,1
hcshoobridge7@jalbum.net!Alex!Durin!2016-05-26!053,1
hbcotmore8@opensource.org!Andrey!Sidorov!1987-11-16!053,1
hmdesaur9@flickr.com!Masha!Petrman!1988-09-16!053,1
hgiapico04@loc.gov!Ivan!Ivanov!2016-08-16!053,1
hrbulcock11@istockphoto.com!David!Zingerman!1989-08-17!053,1
hpcatterill21@cafepress.com!Haim!Shvonder!2012-08-18!053,1
hpdecarlo33@nbcnews.com!Dmitriy!Somanov!1994-08-19!053,1
hbshillum42@blogspot.com!Sergey!Vasiljev!2011-08-20!053,1
hefeld4erer54@biblegateway.com!Ivan!Tokorev!2016-01-16!053,1
hndive4r6@independent.co.uk!Alexander!Ivanov!1999-06-16!053,1
hcshoobri4dge7@jalbum.net!Alex!Durin!2016-05-26!053,1
hbcot1more8@opensource.org!Andrey!Sidorov!1987-11-16!053,1
hmdes32aur9@flickr.com!Masha!Petrman!1988-09-16!053,1
ugiapico0@loc.gov!Ivan!Ivanov!2016-08-16!053,1
urbulcock1@istockphoto.com!David!Zingerman!1989-08-17!053,1
upcatterill2@cafepress.com!Haim!Shvonder!2012-08-18!053,1
updecarlo3@nbcnews.com!Dmitriy!Sokolov!1994-08-19!053,1
ubshillum4@blogspot.com!Sergey!Vasiljev!2011-08-20!053,1
uefelderer5@biblegateway.com!Ivan!Tokorev!2016-01-16!053,1
undiver6@independent.co.uk!Alexander!Perelman!1999-06-16!053,1
ucshoobridge7@jalbum.net!Alex!Durin!2016-05-26!053,1
ubcotmore8@opensource.org!Andrey!Sidorov!1987-11-16!053,1
umdesaur9@flickr.com!Masha!Petrman!1988-09-16!053,1
ugiapico04@loc.gov!Ivan!Ivanov!2016-08-16!053,1
urbulcock11@istockphoto.com!David!Zingerman!1989-08-17!053,1
upcatterill21@cafepress.com!Haim!Shvonder!2012-08-18!053,1
updecarlo33@nbcnews.com!Dmitriy!Somanov!1994-08-19!053,1
ubshillum42@blogspot.com!Sergey!Vasiljev!2011-08-20!053,1
uefeld4erer54@biblegateway.com!Ivan!Tokorev!2016-01-16!053,1
undive4r6@independent.co.uk!Alexander!Ivanov!1999-06-16!053,1
ucshoobri4dge7@jalbum.net!Alex!Durin!2016-05-26!053,1
ubcot1more8@opensource.org!Andrey!Sidorov!1987-11-16!053,1
umdes32aur9@flickr.com!Masha!Petrman!1988-09-16!053,1